{
    "swagger": "2.0",
    "info": {
        "description": "This is a sample server Petstore server.",
        "title": "Swagger Example API",
        "termsOfService": "http://swagger.io/terms/",
        "contact": {
            "name": "API Support",
            "url": "http://www.swagger.io/support",
            "email": "support@swagger.io"
        },
        "license": {
            "name": "Apache 2.0",
            "url": "http://www.apache.org/licenses/LICENSE-2.0.html"
        },
        "version": "1.0"
    },
    "host": "petstore.swagger.io",
    "basePath": "/v2",
    "paths": {
        "/file/upload": {
            "post": {
                "description": "Upload file",
                "consumes": [
                    "multipart/form-data"
                ],
                "produces": [
                    "application/json"
                ],
                "summary": "Upload file",
                "operationId": "file.upload",
                "parameters": [
                    {
                        "type": "file",
                        "description": "this is a test file",
                        "name": "file",
                        "in": "formData",
                        "required": true
                    }
                ],
                "responses": {
                    "200": {
                        "description": "ok",
                        "schema": {
                            "type": "string"
                        }
                    },
                    "400": {
                        "description": "We need ID!!",
                        "schema": {
                            "type": "object",
                            "$ref": "#/definitions/web.APIError"
                        }
                    },
                    "404": {
                        "description": "Can not find ID",
                        "schema": {
                            "type": "object",
                            "$ref": "#/definitions/web.APIError"
                        }
                    }
                }
            }
        },
        "/testapi/get-string-by-int/{some_id}": {
            "get": {
                "description": "get string by ID",
                "consumes": [
                    "application/json"
                ],
                "produces": [
                    "application/json"
                ],
                "summary": "Add a new pet to the store",
                "operationId": "get-string-by-int",
                "parameters": [
                    {
                        "type": "integer",
                        "description": "Some ID",
                        "name": "some_id",
                        "in": "path",
                        "required": true
                    },
                    {
                        "description": "Some ID",
                        "name": "some_id",
                        "in": "body",
                        "required": true,
                        "schema": {
                            "type": "object",
                            "$ref": "#/definitions/web.Pet"
                        }
                    }
                ],
                "responses": {
                    "200": {
                        "description": "ok",
                        "schema": {
                            "type": "string"
                        }
                    },
                    "400": {
                        "description": "We need ID!!",
                        "schema": {
                            "type": "object",
                            "$ref": "#/definitions/web.APIError"
                        }
                    },
                    "404": {
                        "description": "Can not find ID",
                        "schema": {
                            "type": "object",
                            "$ref": "#/definitions/web.APIError"
                        }
                    }
                }
            }
        },
        "/testapi/get-struct-array-by-string/{some_id}": {
            "get": {
                "description": "get struct array by ID",
                "consumes": [
                    "application/json"
                ],
                "produces": [
                    "application/json"
                ],
                "operationId": "get-struct-array-by-string",
                "parameters": [
                    {
                        "type": "string",
                        "description": "Some ID",
                        "name": "some_id",
                        "in": "path",
                        "required": true
                    },
                    {
                        "type": "integer",
                        "description": "Offset",
                        "name": "offset",
                        "in": "query",
                        "required": true
                    },
                    {
                        "type": "integer",
                        "description": "Offset",
                        "name": "limit",
                        "in": "query",
                        "required": true
                    }
                ],
                "responses": {
                    "200": {
                        "description": "ok",
                        "schema": {
                            "type": "string"
                        }
                    },
                    "400": {
                        "description": "We need ID!!",
                        "schema": {
                            "type": "object",
                            "$ref": "#/definitions/web.APIError"
                        }
                    },
                    "404": {
                        "description": "Can not find ID",
                        "schema": {
                            "type": "object",
                            "$ref": "#/definitions/web.APIError"
                        }
                    }
                }
            }
        }
    },
    "definitions": {
        "web.APIError": {
            "type": "object",
            "properties": {
                "createdAt": {
                    "type": "string"
                },
                "errorCode": {
                    "type": "integer"
                },
                "errorMessage": {
                    "type": "string"
                }
            }
        },
        "web.Pet": {
            "type": "object",
            "properties": {
                "category": {
                    "type": "object",
                    "properties": {
                        "id": {
                            "type": "integer"
                        },
                        "name": {
                            "type": "string"
                        }
                    }
                },
                "id": {
                    "type": "integer"
                },
                "name": {
                    "type": "string"
                },
                "photoUrls": {
                    "type": "array",
                    "items": {
                        "type": "string"
                    }
                },
                "status": {
                    "type": "string"
                },
                "tags": {
                    "type": "array",
                    "items": {
                        "$ref": "#/definitions/web.Tag"
                    }
                }
            }
        },
        "web.RevValue": {
            "type": "object",
            "properties": {
                "Data": {
                    "type": "integer"
                },
                "Err": {
                    "type": "integer"
                },
                "Status": {
                    "type": "boolean"
                }
            }
        },
        "web.Tag": {
            "type": "object",
            "properties": {
                "id": {
                    "type": "integer"
                },
                "name": {
                    "type": "string"
                }
            }
        }
    }
}